Name,Team,GS,G,IP,W,L,QS,SV,HLD,H,ER,HR,SO,BB,K/9,BB/9,K/BB,HR/9,AVG,WHIP,BABIP,LOB%,ERA,FIP,ADP
Aaron Nola,PHI,30,30,180.2,12,8,,0,0,165,77,20,188,36,9.36,1.79,5.22,1,0.238,1.11,0.299,68.20%,3.84,3.31,53
Spencer Strider,ATL,28,30,161.2,15,6,,0,0,122,59,19,234,49,13.02,2.73,4.78,1.06,0.204,1.06,0.298,74.10%,3.28,2.96,7.1
Zack Wheeler,PHI,29,29,172,11,7,,0,0,155,69,16,172,48,9,2.51,3.58,0.84,0.236,1.18,0.296,70.90%,3.61,3.42,24
Logan Webb,SFG,31,31,192,13,9,,0,0,181,71,16,166,41,7.78,1.92,4.05,0.75,0.245,1.16,0.296,72.60%,3.33,3.36,57.4
Corbin Burnes,BAL,30,30,179.1,10,7,,0,0,145,69,16,191,55,9.59,2.76,3.47,0.8,0.217,1.12,0.28,70.40%,3.46,3.34,22
Sandy Alcantara,MIA,29,29,191.1,11,9,,0,0,174,75,19,172,45,8.09,2.12,3.82,0.89,0.238,1.14,0.288,71.70%,3.53,3.56,999
Luis Castillo,SEA,30,30,176.1,12,8,,0,0,146,64,18,187,52,9.55,2.65,3.6,0.92,0.221,1.12,0.281,74.70%,3.27,3.45,29.2
Yoshinobu Yamamoto,LAD,26,26,171.1,14,7,,0,0,130,69,21,168,36,8.83,1.89,4.67,1.1,0.21,0.97,0.254,66.60%,3.63,3.61,44
Kevin Gausman,TOR,29,29,169,12,7,,0,0,158,65,22,184,40,9.8,2.13,4.6,1.17,0.241,1.17,0.302,76.60%,3.46,3.53,28
Pablo López,MIN,30,30,173.2,10,7,,0,0,152,71,20,189,45,9.79,2.33,4.2,1.04,0.23,1.13,0.292,71.00%,3.68,3.51,35.1
Gerrit Cole,NYY,30,30,186.1,11,8,,0,0,159,73,26,201,50,9.71,2.42,4.02,1.26,0.226,1.12,0.28,75.30%,3.53,3.78,12.9
George Kirby,SEA,29,29,168,12,8,,0,0,162,65,19,151,27,8.09,1.45,5.59,1.02,0.246,1.13,0.293,73.30%,3.48,3.52,34
Dylan Cease,CHW,30,30,166,9,8,,0,0,144,72,19,196,71,10.63,3.85,2.76,1.03,0.227,1.3,0.298,72.70%,3.9,3.79,105.9
Zach Eflin,TBR,26,27,146.2,12,7,,0,0,136,55,16,143,24,8.77,1.47,5.96,0.98,0.239,1.09,0.293,73.40%,3.37,3.3,81.5
Walker Buehler,LAD,25,25,154.1,10,6,,0,0,134,61,19,150,37,8.75,2.16,4.05,1.11,0.231,1.11,0.28,72.70%,3.56,3.73,138.5
Framber Valdez,HOU,29,29,185.2,14,8,,0,0,162,69,16,168,63,8.14,3.05,2.67,0.78,0.23,1.21,0.281,74.00%,3.34,3.76,58.2
Logan Gilbert,SEA,31,31,182.1,11,8,,0,0,167,71,21,168,48,8.29,2.37,3.5,1.04,0.238,1.18,0.285,74.40%,3.51,3.78,63.4
Triston McKenzie,CLE,25,26,155,10,8,,0,0,137,61,20,153,40,8.88,2.32,3.83,1.16,0.233,1.14,0.283,74.50%,3.54,3.81,235.8
Blake Snell,,29,29,160.1,13,8,,0,0,125,60,18,204,79,11.45,4.44,2.58,1.01,0.21,1.27,0.286,77.70%,3.37,3.7,65.9
Shane Bieber,CLE,24,25,148.1,8,6,,0,0,137,58,17,151,37,9.16,2.25,4.08,1.03,0.239,1.17,0.296,73.90%,3.52,3.54,174.5
Kodai Senga,NYM,28,28,161,11,8,,0,0,132,65,18,190,76,10.62,4.25,2.5,1.01,0.219,1.29,0.289,75.50%,3.63,3.86,69.2
Shota Imanaga,CHC,25,25,137,8,5,,0,0,125,54,15,146,40,9.59,2.63,3.65,0.99,0.237,1.2,0.3,74.30%,3.55,3.55,999
Julio Urías,LAD,26,27,146,13,8,,0,0,129,60,19,139,31,8.57,1.91,4.48,1.17,0.234,1.1,0.28,71.20%,3.7,3.8,718.1
Brandon Woodruff,,22,22,119.2,8,4,,0,0,97,42,14,132,31,9.92,2.33,4.26,1.05,0.218,1.07,0.279,76.60%,3.16,3.47,999
Jordan Montgomery,,29,29,168.2,10,8,,0,0,163,72,22,160,52,8.54,2.77,3.08,1.17,0.248,1.27,0.297,74.40%,3.84,4.05,147.7
Max Fried,ATL,23,23,129.1,11,5,,0,0,119,47,11,118,35,8.21,2.44,3.37,0.77,0.24,1.19,0.295,74.30%,3.27,3.44,62.7
Zac Gallen,ARI,31,31,186.1,13,9,,0,0,165,74,23,175,55,8.45,2.66,3.18,1.11,0.234,1.18,0.281,74.50%,3.57,3.98,39.7
Freddy Peralta,MIL,28,29,151.2,10,9,,0,0,122,65,20,173,56,10.26,3.32,3.09,1.19,0.218,1.17,0.279,72.00%,3.86,3.95,54.1
Chris Bassitt,TOR,28,28,171.1,12,9,,0,0,160,73,21,149,45,7.83,2.36,3.31,1.1,0.244,1.2,0.285,71.80%,3.84,4.11,136.8
Bobby Miller,LAD,26,26,137.1,11,6,,0,0,119,57,14,128,40,8.39,2.62,3.2,0.92,0.229,1.16,0.279,69.60%,3.74,3.74,999
Shane McClanahan,TBR,24,24,135,11,5,,0,0,112,47,15,147,39,9.8,2.6,3.77,1,0.221,1.12,0.282,76.90%,3.13,3.43,999
Shohei Ohtani,LAD,24,24,139.1,11,5,,0,0,109,51,18,157,45,10.14,2.91,3.49,1.16,0.214,1.11,0.272,76.90%,3.3,3.82,12.9
Mitch Keller,PIT,29,29,166.1,9,10,,0,0,162,76,19,158,54,8.55,2.92,2.93,1.03,0.249,1.3,0.302,70.70%,4.11,4.01,170.1
Jesús Luzardo,MIA,27,28,153,8,9,,0,0,136,66,20,173,53,10.18,3.12,3.26,1.18,0.233,1.24,0.297,73.30%,3.88,3.85,81.7
Justin Steele,CHC,27,29,153.1,10,8,,0,0,147,62,17,139,45,8.16,2.64,3.09,1,0.247,1.25,0.297,74.30%,3.64,3.9,101.9
Brandon Pfaadt,ARI,27,27,147.1,9,9,,0,0,142,65,19,143,36,8.74,2.2,3.97,1.16,0.247,1.21,0.297,71.30%,3.97,3.87,208.3
Andrew Abbott,CIN,29,29,143,8,9,,0,0,132,70,22,156,54,9.82,3.4,2.89,1.38,0.24,1.3,0.295,70.90%,4.41,4.29,276.6
Eury Pérez,MIA,27,27,124,7,7,,0,0,106,50,15,137,41,9.94,2.98,3.34,1.09,0.228,1.19,0.291,73.80%,3.63,3.71,78.9
Joe Ryan,MIN,27,27,150.1,10,10,,0,0,133,67,20,156,40,9.34,2.4,3.9,1.2,0.234,1.15,0.288,69.70%,4.01,3.89,85.3
Lucas Giolito,BOS,29,29,161.2,10,10,,0,0,157,81,24,173,59,9.63,3.28,2.93,1.34,0.249,1.34,0.306,70.20%,4.51,4.23,219.9
Eduardo Rodriguez,ARI,25,25,138,11,8,,0,0,135,56,16,135,43,8.8,2.8,3.14,1.04,0.25,1.29,0.305,75.20%,3.65,3.81,194.7
Yu Darvish,SDP,24,24,145.1,10,9,,0,0,128,64,19,140,38,8.67,2.35,3.68,1.18,0.233,1.14,0.279,69.60%,3.96,4,195.3
Alex Cobb,SFG,26,26,136,7,6,,0,0,144,58,11,121,45,8.01,2.98,2.69,0.73,0.263,1.39,0.32,72.60%,3.84,3.61,467.1
Joe Musgrove,SDP,24,24,141.1,10,5,,0,0,127,53,16,133,34,8.47,2.17,3.91,1.02,0.236,1.14,0.285,75.00%,3.38,3.82,97.9
José Berríos,TOR,30,30,170.1,11,9,,0,0,164,78,24,161,46,8.51,2.43,3.5,1.27,0.247,1.23,0.292,71.40%,4.12,4.18,169.3
Max Scherzer,TEX,24,24,135.2,9,7,,0,0,121,58,22,149,36,9.88,2.39,4.14,1.46,0.235,1.16,0.289,74.50%,3.85,4.12,309.1
Tarik Skubal,DET,21,21,103.2,6,6,,0,0,92,42,11,108,26,9.37,2.26,4.15,0.95,0.233,1.14,0.293,71.20%,3.65,3.39,50.1
Carlos Rodón,NYY,22,22,114.1,9,7,,0,0,94,49,15,132,35,10.39,2.76,3.77,1.18,0.22,1.13,0.281,70.40%,3.86,3.7,148.9
Tyler Glasnow,LAD,22,22,118.1,10,5,,0,0,98,47,18,147,37,11.18,2.81,3.97,1.37,0.221,1.14,0.288,76.50%,3.58,3.69,40.9
Sonny Gray,STL,28,28,154,8,6,,0,0,139,61,17,134,49,7.83,2.86,2.73,0.99,0.238,1.22,0.282,74.30%,3.56,4.04,118.7
Kyle Bradish,BAL,29,29,155.1,10,8,,0,0,137,64,17,148,54,8.58,3.13,2.74,0.99,0.233,1.23,0.283,73.00%,3.71,3.93,92.5
Tanner Bibee,CLE,27,27,148.2,8,8,,0,0,136,63,18,140,48,8.47,2.91,2.92,1.09,0.239,1.24,0.288,73.00%,3.81,4.01,106.3
Hunter Greene,CIN,27,27,133.2,9,9,,0,0,108,64,22,169,48,11.38,3.23,3.52,1.48,0.217,1.17,0.28,69.50%,4.31,4.19,142.9
Clayton Kershaw,LAD,21,22,114.1,10,6,,0,0,103,44,16,115,28,9.06,2.2,4.11,1.26,0.237,1.15,0.286,76.40%,3.46,3.85,450.6
Brayan Bello,BOS,27,28,147.1,11,11,,0,0,154,70,16,134,54,8.19,3.3,2.48,0.98,0.261,1.41,0.314,71.10%,4.28,4.03,231.3
Grayson Rodriguez,BAL,28,28,141.2,7,6,,0,0,126,64,19,153,44,9.72,2.79,3.48,1.21,0.232,1.2,0.288,70.40%,4.06,3.9,999
Patrick Sandoval,LAA,26,27,141.2,9,9,,0,0,135,63,17,142,57,9.02,3.62,2.49,1.08,0.245,1.35,0.301,73.70%,4,4.12,429.7
Bailey Ober,MIN,28,28,144.2,8,6,,0,0,138,64,22,141,35,8.77,2.18,4.03,1.37,0.247,1.2,0.294,73.10%,3.98,4.09,144.9
Dean Kremer,BAL,28,29,154,9,7,,0,0,147,66,17,132,48,7.71,2.81,2.75,0.99,0.246,1.27,0.29,72.40%,3.86,4.03,331.9
Jon Gray,TEX,25,25,131.1,7,8,,0,0,122,62,17,131,43,8.98,2.95,3.05,1.17,0.241,1.26,0.292,69.40%,4.25,4.09,317.2
Drew Thorpe,SDP,22,22,123,9,6,,0,0,113,52,16,116,36,8.49,2.63,3.22,1.17,0.237,1.21,0.281,73.50%,3.8,3.94,999
Bryce Miller,SEA,27,27,139.1,8,7,,0,0,130,60,17,121,34,7.82,2.2,3.56,1.1,0.243,1.18,0.284,70.60%,3.88,3.99,180.8
Graham Ashcraft,CIN,24,24,131,6,9,,0,0,132,70,16,111,45,7.63,3.09,2.47,1.1,0.255,1.35,0.297,65.30%,4.81,4.38,391.2
Germán Márquez,COL,24,24,136.1,7,10,,0,0,135,72,18,117,46,7.73,3.04,2.54,1.19,0.254,1.33,0.295,66.10%,4.75,4.33,750.8
Jacob deGrom,TEX,12,12,65.1,5,2,,0,1,48,21,9,95,15,13.09,2.07,6.33,1.24,0.203,0.96,0.293,79.40%,2.89,2.87,439.6
Justin Verlander,HOU,25,25,147.1,11,8,,0,0,138,63,19,119,46,7.27,2.81,2.59,1.16,0.245,1.25,0.28,73.70%,3.85,4.33,123.5
Ranger Suárez,PHI,24,28,134.1,7,6,,0,0,132,60,15,114,48,7.64,3.22,2.38,1.01,0.252,1.34,0.297,72.30%,4.02,4.17,343.6
Reid Detmers,LAA,26,26,136.2,6,7,,0,0,125,65,19,143,49,9.41,3.23,2.92,1.25,0.238,1.27,0.292,70.60%,4.28,4.24,233.5
Charlie Morton,ATL,27,27,149.2,12,8,,0,0,134,68,19,166,64,9.98,3.85,2.59,1.14,0.235,1.32,0.299,72.30%,4.09,4.23,236
Johan Oviedo,PIT,27,31,149,8,11,,0,0,136,70,18,145,62,8.76,3.74,2.34,1.09,0.238,1.33,0.289,70.60%,4.23,4.35,999
Luis Garcia,HOU,21,22,115.1,9,7,,0,0,102,49,16,120,40,9.37,3.12,3,1.25,0.232,1.23,0.283,74.40%,3.82,4.07,729
Nestor Cortes,NYY,18,21,102.2,6,4,,0,1,91,44,14,99,28,8.68,2.45,3.54,1.23,0.235,1.16,0.28,71.40%,3.86,3.98,259.3
Brady Singer,KCR,25,26,143,7,9,,0,0,144,71,17,131,44,8.24,2.77,2.98,1.07,0.254,1.31,0.304,67.60%,4.47,4.1,451
Braxton Garrett,MIA,26,27,136.2,7,7,,0,0,138,61,17,125,39,8.23,2.57,3.21,1.12,0.256,1.29,0.305,72.50%,4.02,4.1,183.6
Hunter Brown,HOU,23,28,135.1,11,9,,0,1,122,61,16,139,53,9.25,3.53,2.62,1.06,0.233,1.29,0.288,71.40%,4.06,4.02,171.5
Cristopher Sánchez,PHI,25,28,142.1,6,7,,0,1,139,69,20,124,42,7.84,2.66,2.95,1.26,0.252,1.27,0.292,69.30%,4.36,4.37,235.1
Merrill Kelly,ARI,26,26,154,9,9,,0,0,148,68,21,132,47,7.71,2.75,2.81,1.23,0.249,1.27,0.288,73.10%,3.97,4.29,149.6
Nathan Eovaldi,TEX,23,23,131,8,7,,0,0,126,60,18,119,39,8.18,2.68,3.05,1.24,0.248,1.26,0.29,71.50%,4.12,4.23,208
Tyler Mahle,TEX,22,22,118,7,6,,0,1,107,55,17,119,42,9.08,3.2,2.83,1.3,0.238,1.26,0.288,71.90%,4.19,4.31,642.8
MacKenzie Gore,WSN,23,24,116,7,7,,0,0,107,55,16,129,49,10.01,3.8,2.63,1.24,0.237,1.34,0.297,72.60%,4.27,4.17,291.7
Aaron Civale,TBR,23,23,118.2,6,6,,0,0,108,52,15,111,32,8.42,2.43,3.47,1.14,0.238,1.18,0.284,70.60%,3.94,3.99,203.4
Clarke Schmidt,NYY,25,29,130.2,7,8,,0,0,126,64,19,129,42,8.88,2.89,3.07,1.31,0.245,1.29,0.292,70.00%,4.41,4.32,356.6
Drew Rasmussen,TBR,17,22,90.2,7,4,,0,1,78,33,8,87,25,8.63,2.48,3.48,0.79,0.228,1.14,0.283,73.00%,3.27,3.38,613.9
Chris Sale,ATL,18,18,91.1,6,4,,0,0,82,39,13,112,28,11.04,2.76,4,1.28,0.234,1.2,0.307,74.10%,3.84,3.8,137.8
Martín Pérez,PIT,20,30,129.2,6,8,,0,0,136,60,13,97,44,6.73,3.05,2.2,0.9,0.264,1.39,0.303,71.10%,4.16,4.2,590.5
Jeffrey Springs,TBR,15,27,89.2,6,4,,0,1,76,33,12,108,25,10.84,2.51,4.32,1.2,0.224,1.13,0.292,77.20%,3.31,3.46,498.1
Taj Bradley,TBR,29,31,137.2,9,8,,0,1,125,64,20,140,48,9.15,3.14,2.92,1.31,0.236,1.26,0.285,71.70%,4.18,4.24,252.4
Robert Gasser,MIL,24,25,126,5,6,,0,0,117,60,17,127,44,9.07,3.14,2.89,1.21,0.24,1.28,0.291,70.00%,4.29,4.3,999
Frankie Montas,CIN,23,24,129.2,7,9,,0,0,129,67,22,135,42,9.37,2.91,3.21,1.53,0.252,1.32,0.302,70.60%,4.65,4.47,335.8
Taijuan Walker,PHI,27,27,148.1,8,10,,0,0,149,77,20,116,54,7.04,3.28,2.15,1.21,0.258,1.37,0.292,68.60%,4.67,4.66,428.1
Quinn Priester,PIT,25,28,138.2,7,10,,0,1,137,72,16,116,55,7.53,3.57,2.11,1.04,0.251,1.38,0.293,67.20%,4.67,4.47,734
Lance McCullers Jr.,HOU,19,19,104.2,7,4,,0,1,87,42,10,110,46,9.46,3.95,2.39,0.86,0.222,1.27,0.283,73.90%,3.61,3.89,683.3
Garrett Whitlock,BOS,12,30,89.1,6,4,,1,13,86,37,11,94,19,9.47,1.91,4.95,1.11,0.247,1.18,0.309,72.50%,3.73,3.49,379.1
Bryce Elder,ATL,29,29,157.2,9,6,,0,0,154,74,19,130,59,7.42,3.37,2.2,1.08,0.252,1.35,0.292,71.40%,4.22,4.45,406.1
Lance Lynn,STL,25,25,141.1,8,10,,0,0,141,70,21,132,48,8.41,3.06,2.75,1.34,0.254,1.34,0.298,70.80%,4.46,4.49,309
Darren McCaughan,MIA,22,24,132.2,6,7,,0,1,136,64,18,102,30,6.92,2.03,3.4,1.22,0.259,1.25,0.291,68.90%,4.34,4.36,999
Miles Mikolas,STL,28,28,165,9,10,,0,0,175,80,25,115,37,6.27,2.02,3.11,1.36,0.268,1.28,0.292,71.20%,4.36,4.61,414.1
Jameson Taillon,CHC,25,26,136.2,7,8,,0,0,135,67,21,119,37,7.83,2.44,3.22,1.38,0.253,1.26,0.29,70.10%,4.41,4.43,315.4
Logan Allen,CLE,26,26,130.2,7,7,,0,0,124,59,17,122,46,8.4,3.17,2.65,1.17,0.245,1.3,0.291,72.50%,4.06,4.23,345.9
Louie Varland,MIN,23,28,133,7,7,,0,1,130,62,18,126,39,8.53,2.64,3.23,1.22,0.25,1.27,0.297,70.90%,4.2,4.11,312.6
Trevor Rogers,MIA,21,21,102,6,7,,0,0,99,46,12,103,34,9.09,3,3.03,1.06,0.248,1.3,0.306,71.40%,4.06,3.91,343.4
David Peterson,NYM,24,29,126.1,6,7,,0,1,120,63,15,138,58,9.83,4.13,2.38,1.07,0.242,1.41,0.307,70.10%,4.49,4.16,638.7
Gavin Stone,LAD,21,26,115,6,5,,0,1,111,57,16,115,41,9,3.21,2.8,1.25,0.246,1.32,0.297,69.40%,4.46,4.19,496.6
Marcus Stroman,NYY,25,26,138,10,8,,0,0,133,62,17,110,44,7.17,2.87,2.5,1.11,0.249,1.28,0.284,71.80%,4.04,4.31,271.6
Bailey Falter,PIT,22,27,113.2,5,7,,0,1,117,55,15,84,31,6.65,2.45,2.71,1.19,0.261,1.3,0.291,70.10%,4.35,4.39,723.4
Dane Dunning,TEX,24,30,145.2,7,9,,0,0,149,71,20,127,49,7.84,3.03,2.59,1.24,0.258,1.36,0.3,71.20%,4.39,4.49,369.3
Steven Matz,STL,19,25,103.2,6,6,,0,1,104,46,13,101,32,8.77,2.78,3.16,1.13,0.252,1.31,0.305,73.00%,3.99,3.98,356.8
Slade Cecconi,ARI,23,26,126.2,7,6,,0,1,127,58,16,101,33,7.17,2.34,3.06,1.14,0.256,1.26,0.292,70.50%,4.12,4.3,745
Bryan Woo,SEA,25,25,116,6,7,,0,1,103,53,15,115,34,8.92,2.64,3.38,1.16,0.234,1.18,0.283,69.00%,4.11,4.12,179.3
Andrew Painter,PHI,28,28,113,5,5,,0,0,108,56,16,109,40,8.68,3.19,2.73,1.27,0.247,1.31,0.295,69.30%,4.46,4.36,999
Ryne Nelson,ARI,26,28,143.2,7,8,,0,1,144,69,19,114,47,7.14,2.94,2.43,1.19,0.256,1.33,0.291,70.60%,4.32,4.47,612.6
JP Sears,OAK,26,28,143.1,7,9,,0,0,137,65,20,133,45,8.35,2.83,2.96,1.26,0.248,1.27,0.293,72.70%,4.08,4.34,377.5
Kutter Crawford,BOS,19,26,106.1,6,6,,0,1,104,53,15,103,33,8.72,2.79,3.12,1.27,0.252,1.29,0.302,69.00%,4.49,4.2,266.7
Cristian Javier,HOU,25,29,144,8,6,,0,0,120,65,21,147,59,9.19,3.69,2.49,1.31,0.225,1.24,0.27,72.90%,4.06,4.48,183.2
Pierson Ohl,MIN,19,22,111,7,8,,0,0,118,52,14,81,19,6.57,1.54,4.26,1.14,0.265,1.23,0.297,69.00%,4.22,4.06,999
Roansy Contreras,PIT,19,26,99.2,4,5,,0,4,93,48,12,96,34,8.67,3.07,2.82,1.08,0.242,1.27,0.292,68.10%,4.33,4.01,660.3
Mike Clevinger,,23,23,118.2,7,9,,0,0,117,60,18,104,39,7.89,2.96,2.67,1.36,0.254,1.31,0.292,69.60%,4.55,4.64,410.1
Kyle Hendricks,CHC,25,25,132.2,7,8,,0,0,140,65,20,103,32,6.99,2.17,3.22,1.36,0.266,1.3,0.297,70.80%,4.41,4.52,438.7
Kyle Gibson,STL,27,27,149.2,8,10,,0,0,155,75,18,119,57,7.15,3.43,2.09,1.08,0.261,1.42,0.3,70.10%,4.51,4.51,433.2
Richard Fitts,BOS,25,25,130.2,7,8,,0,0,142,67,18,104,37,7.16,2.55,2.81,1.24,0.27,1.37,0.307,69.60%,4.61,4.4,999
Mitch Spence,OAK,25,26,135.2,6,8,,0,0,140,63,15,105,44,6.96,2.92,2.39,0.99,0.26,1.36,0.298,71.20%,4.18,4.27,999
Tyler Anderson,LAA,23,25,132.1,6,7,,0,0,134,68,21,118,40,8.03,2.72,2.95,1.43,0.258,1.32,0.297,69.20%,4.63,4.56,593.8
Stephen Strasburg,WSN,15,15,89.1,5,6,,0,0,83,40,11,87,30,8.77,3.02,2.9,1.11,0.242,1.27,0.294,71.70%,4.03,4.05,999
Domingo Germán,,17,19,98,6,5,,0,0,86,45,15,100,26,9.18,2.39,3.85,1.38,0.232,1.14,0.278,69.20%,4.13,4.12,542.2
Cole Ragans,KCR,19,31,111.1,7,7,,0,0,103,50,13,113,44,9.14,3.56,2.57,1.05,0.24,1.32,0.297,72.20%,4.04,4.01,109.7
Paul Skenes,PIT,23,23,114.1,4,6,,0,0,110,58,14,88,40,6.93,3.15,2.2,1.1,0.252,1.31,0.287,66.70%,4.57,4.36,330.9
Reese Olson,DET,25,28,124,7,8,,0,0,115,60,15,119,52,8.64,3.77,2.29,1.09,0.241,1.35,0.291,69.90%,4.35,4.29,280.6
Mike Vasil,NYM,24,25,110.1,5,5,,0,0,107,54,14,102,41,8.32,3.35,2.49,1.14,0.248,1.34,0.295,70.10%,4.41,4.25,999
Jhony Brito,SDP,20,27,114,9,8,,0,1,109,51,14,92,33,7.26,2.61,2.79,1.11,0.247,1.25,0.283,71.10%,4.03,4.26,556.2
Jared Jones,PIT,25,26,119,6,7,,0,0,114,59,14,106,47,8.02,3.55,2.26,1.06,0.246,1.35,0.291,68.60%,4.46,4.41,999
Chris Paddack,MIN,14,15,68.2,5,4,,0,1,67,32,9,69,16,9.04,2.1,4.31,1.18,0.247,1.21,0.301,68.20%,4.19,3.69,296.5
Cody Bradford,TEX,21,28,112.1,7,9,,0,1,116,55,17,95,29,7.61,2.32,3.28,1.36,0.26,1.29,0.296,71.00%,4.41,4.41,679.7
Sean Manaea,NYM,15,29,113,6,7,,0,1,111,57,17,114,35,9.08,2.79,3.26,1.35,0.25,1.29,0.3,68.70%,4.54,4.26,323.5
Griffin Canning,LAA,19,20,107,6,7,,0,0,101,52,17,114,37,9.59,3.11,3.08,1.43,0.243,1.29,0.296,71.80%,4.37,4.34,273
Matt Waldron,SDP,20,24,116.1,7,6,,0,0,116,58,17,96,35,7.43,2.71,2.74,1.32,0.253,1.3,0.287,69.20%,4.49,4.54,749.1
Erick Fedde,CHW,25,25,133.1,9,11,,0,0,138,72,24,129,43,8.71,2.9,3,1.62,0.26,1.36,0.302,69.90%,4.86,4.7,397.9
Edwin Díaz,NYM,0,56,55,4,2,,35,1,36,16,4,87,18,14.24,2.95,4.83,0.65,0.181,0.98,0.296,76.40%,2.62,2.29,42.6
Nick Martinez,CIN,9,56,100.1,5,4,,0,1,97,45,13,105,36,9.42,3.23,2.92,1.17,0.246,1.33,0.304,73.20%,4.04,4.01,449.4
Yusei Kikuchi,TOR,26,27,135.2,7,7,,0,0,135,66,22,137,53,9.09,3.52,2.58,1.46,0.253,1.39,0.301,74.40%,4.38,4.63,237.4
Ian Anderson,ATL,24,24,121.2,8,7,,0,1,116,60,16,114,54,8.43,3.99,2.11,1.18,0.246,1.4,0.292,71.10%,4.44,4.45,745
Colin Rea,,21,24,112.2,5,5,,0,1,114,57,18,98,31,7.83,2.48,3.16,1.44,0.258,1.29,0.294,69.30%,4.55,4.5,515
Gavin Williams,CLE,27,27,131,6,7,,0,0,116,60,17,129,53,8.86,3.64,2.43,1.17,0.235,1.29,0.284,71.60%,4.12,4.35,167.8
Coleman Crow,MIL,19,19,101.1,5,4,,0,0,99,48,13,86,32,7.64,2.84,2.69,1.15,0.249,1.29,0.289,70.00%,4.26,4.35,999
Kyle Harrison,SFG,28,28,106.1,3,3,,0,0,90,50,13,127,53,10.75,4.49,2.4,1.1,0.224,1.35,0.294,71.30%,4.23,4.21,272.4
José Urquidy,HOU,18,21,103,6,5,,0,1,98,47,15,84,26,7.34,2.27,3.23,1.31,0.247,1.2,0.279,70.90%,4.11,4.36,486.2
Emmet Sheehan,LAD,19,25,101.1,6,4,,0,1,86,49,14,111,45,9.86,4,2.47,1.24,0.227,1.29,0.283,70.00%,4.35,4.37,262.9
Allan Winans,ATL,18,24,120.1,7,6,,0,1,123,58,16,100,35,7.48,2.62,2.86,1.2,0.259,1.31,0.299,70.10%,4.34,4.39,745.6
Josiah Gray,WSN,26,26,142.1,8,9,,0,0,130,71,23,138,63,8.73,3.98,2.19,1.45,0.24,1.36,0.281,72.10%,4.49,4.89,392.9
DL Hall,MIL,14,34,76.1,4,4,,0,1,63,33,10,99,37,11.68,4.36,2.68,1.18,0.217,1.31,0.293,74.40%,3.89,3.98,377
Michael Plassmeyer,PIT,18,21,93,4,7,,0,1,95,46,12,79,30,7.65,2.9,2.63,1.16,0.258,1.34,0.3,69.30%,4.45,4.43,999
Brandon Williamson,CIN,27,27,128.1,5,9,,0,1,130,72,20,116,57,8.14,4,2.04,1.4,0.257,1.46,0.297,68.60%,5.05,4.97,999
Brant Hurter,DET,23,25,107.2,5,7,,0,0,107,53,13,86,30,7.19,2.51,2.87,1.09,0.254,1.27,0.291,67.30%,4.43,4.29,999
Connor Phillips,CIN,27,28,114.2,4,7,,0,1,106,64,18,128,61,10.04,4.79,2.1,1.41,0.239,1.46,0.296,69.10%,5.02,4.87,599.9
Michael McGreevy,STL,27,27,137.1,7,7,,0,0,144,67,17,85,44,5.57,2.88,1.93,1.11,0.265,1.37,0.287,70.60%,4.39,4.61,999
Michael Lorenzen,,22,26,122.2,7,8,,0,0,119,64,18,101,42,7.41,3.08,2.4,1.32,0.253,1.31,0.288,67.70%,4.69,4.62,516.6
Cristian Mena,ARI,26,26,123.2,7,6,,0,0,121,57,15,110,53,8,3.86,2.08,1.09,0.25,1.41,0.295,73.20%,4.15,4.44,999
James Paxton,LAD,22,23,109.2,9,7,,0,1,108,55,19,116,43,9.52,3.53,2.7,1.56,0.251,1.38,0.301,74.00%,4.51,4.62,310.5
Tony Gonsolin,LAD,21,21,105.2,7,6,,0,0,94,50,15,88,36,7.49,3.07,2.44,1.28,0.24,1.23,0.274,69.70%,4.26,4.57,999
Ken Waldichuk,OAK,21,29,122.2,5,6,,0,1,114,59,14,123,55,9.02,4.03,2.24,1.03,0.241,1.38,0.297,70.30%,4.33,4.3,747.3
Janson Junk,MIL,22,25,117.2,7,7,,0,1,127,60,17,80,36,6.12,2.75,2.22,1.3,0.269,1.38,0.293,70.40%,4.59,4.77,999
Nick Pivetta,BOS,20,32,132.2,8,9,,0,1,123,67,21,138,49,9.36,3.32,2.82,1.42,0.243,1.3,0.293,70.10%,4.54,4.45,166.7
Drew Smyly,CHC,21,32,121,8,10,,1,11,122,61,20,116,41,8.63,3.05,2.83,1.49,0.256,1.35,0.299,71.90%,4.54,4.63,628.3
Jordan Wicks,CHC,25,25,110.1,5,6,,0,1,108,54,14,94,39,7.67,3.18,2.41,1.14,0.251,1.33,0.291,69.90%,4.41,4.37,449.1
Anthony Molina,COL,26,27,120.1,5,7,,0,0,143,68,17,71,36,5.31,2.69,1.97,1.27,0.287,1.49,0.307,67.70%,5.09,4.86,999
Cade Cavalli,WSN,17,17,81.2,5,5,,0,1,75,40,8,81,39,8.92,4.3,2.08,0.88,0.237,1.4,0.295,69.10%,4.41,4.2,660.9
Kenta Maeda,DET,22,23,103.2,5,7,,0,1,100,52,15,97,34,8.42,2.95,2.85,1.3,0.249,1.29,0.293,69.00%,4.51,4.34,246.2
Sawyer Gipson-Long,DET,20,23,104.1,7,9,,0,1,103,50,14,96,32,8.28,2.76,3,1.21,0.251,1.29,0.296,70.20%,4.31,4.19,397.7
Tyler Wells,BAL,20,32,113.2,6,6,,0,10,97,53,17,103,36,8.15,2.85,2.86,1.35,0.232,1.17,0.268,69.60%,4.2,4.42,362.4
Matthew Liberatore,STL,23,31,121.2,8,8,,0,1,118,59,15,108,50,7.99,3.7,2.16,1.11,0.248,1.38,0.293,70.70%,4.36,4.51,683.3
Alek Manoah,TOR,23,23,120.2,8,7,,0,0,109,60,16,108,46,8.05,3.43,2.35,1.19,0.239,1.28,0.279,67.90%,4.47,4.63,363.9
Dominic Hamel,NYM,24,25,110.1,6,7,,0,0,107,57,14,107,50,8.73,4.08,2.14,1.14,0.248,1.42,0.299,69.10%,4.65,4.46,999
Ben Brown,CHC,20,25,95.2,7,7,,0,0,88,45,12,96,41,9.03,3.86,2.34,1.13,0.238,1.35,0.291,71.30%,4.23,4.29,999
Chris Flexen,CHW,18,28,115,5,7,,0,1,124,62,16,92,43,7.2,3.37,2.14,1.25,0.268,1.45,0.304,69.20%,4.85,4.66,734.3
Joan Adon,WSN,24,25,119,5,8,,0,1,122,66,15,99,50,7.49,3.78,1.98,1.13,0.257,1.45,0.297,66.90%,4.99,4.67,999
Yu-Min Lin,ARI,23,23,107.1,5,5,,0,0,102,51,12,100,45,8.39,3.77,2.22,1.01,0.245,1.37,0.295,70.70%,4.28,4.35,999
Jack Flaherty,DET,23,25,127,6,8,,0,0,118,64,16,126,56,8.93,3.97,2.25,1.13,0.241,1.37,0.293,69.30%,4.54,4.44,382.8
Brandon Walter,BOS,16,27,103,4,4,,0,0,111,54,13,82,32,7.17,2.8,2.56,1.14,0.269,1.39,0.309,68.10%,4.72,4.44,999
Cade Povich,BAL,25,25,113.2,8,9,,0,0,105,56,15,115,50,9.1,3.96,2.3,1.19,0.239,1.36,0.291,70.10%,4.43,4.4,999
Randy Vásquez,SDP,21,25,108.1,6,7,,0,0,101,51,14,97,43,8.06,3.57,2.26,1.16,0.242,1.33,0.283,71.50%,4.24,4.56,567.4
Aaron Ashby,MIL,17,26,88.1,6,6,,0,1,81,40,11,100,43,10.19,4.38,2.33,1.12,0.235,1.4,0.299,74.60%,4.08,4.24,409.2
Carlos F. Rodriguez,MIL,24,25,115.2,6,8,,0,0,105,58,16,116,51,9.02,3.97,2.27,1.24,0.237,1.35,0.286,69.60%,4.51,4.63,999
Ryan Weathers,MIA,23,28,117.1,5,9,,0,1,126,62,15,94,47,7.21,3.61,2,1.15,0.267,1.47,0.306,69.70%,4.76,4.62,739.8
José Suarez,LAA,15,20,84.1,5,6,,0,1,81,42,12,82,31,8.75,3.31,2.65,1.28,0.248,1.33,0.296,70.40%,4.48,4.41,740.2
Nick Lodolo,CIN,18,18,83.2,3,4,,0,1,77,43,13,100,29,10.75,3.12,3.45,1.4,0.236,1.27,0.3,68.30%,4.62,4.39,247.4
Tommy Henry,ARI,21,22,111.2,5,5,,0,1,111,55,13,86,45,6.93,3.63,1.91,1.05,0.254,1.4,0.29,70.40%,4.43,4.54,736.1
Michael King,SDP,7,45,90.1,6,4,,0,1,72,35,13,119,34,11.86,3.39,3.5,1.3,0.213,1.17,0.286,77.40%,3.49,3.79,143.3
Tobias Myers,MIL,23,25,115.2,6,8,,0,0,114,59,18,108,43,8.4,3.34,2.51,1.4,0.251,1.36,0.293,70.60%,4.59,4.63,999
Evan McKendry,MIL,19,24,116.1,7,7,,0,0,119,57,17,89,31,6.89,2.4,2.87,1.32,0.259,1.29,0.289,69.70%,4.41,4.61,999
Ryan Feltner,COL,19,20,92.2,5,6,,0,0,96,53,14,83,38,8.06,3.69,2.18,1.36,0.261,1.45,0.303,67.30%,5.15,4.75,748.1
Drew Rom,STL,20,21,102,7,6,,0,1,100,47,12,88,37,7.76,3.26,2.38,1.06,0.25,1.34,0.293,71.50%,4.15,4.32,999
Hyun Jin Ryu,,17,17,86.1,6,5,,0,0,92,42,13,67,21,6.99,2.19,3.19,1.36,0.267,1.31,0.299,71.70%,4.38,4.43,489.9
Josh Winckowski,BOS,12,43,99,6,5,,2,15,102,48,12,90,33,8.18,3,2.73,1.09,0.259,1.36,0.308,70.20%,4.36,4.1,681.9
Will Warren,NYY,23,25,118.2,7,7,,0,0,114,60,16,103,46,7.81,3.49,2.24,1.21,0.246,1.35,0.284,69.00%,4.55,4.59,999
Daniel Lynch IV,KCR,20,20,96,5,7,,0,1,101,51,13,85,36,7.97,3.38,2.36,1.22,0.262,1.43,0.307,69.00%,4.78,4.49,728
Kyle Wright,KCR,21,22,109.2,7,8,,0,0,108,55,13,95,39,7.79,3.2,2.44,1.07,0.252,1.34,0.296,68.30%,4.51,4.35,750.7
Félix Bautista,BAL,0,59,62,7,2,,0,0,39,18,7,93,22,13.5,3.19,4.23,1.02,0.18,0.98,0.274,82.00%,2.61,2.84,999
Caleb Kilian,CHC,22,24,108.2,5,5,,0,1,113,57,12,87,42,7.2,3.48,2.07,0.99,0.26,1.43,0.301,67.30%,4.72,4.41,999
Daniel Espino,CLE,21,21,90.1,6,6,,0,0,80,41,12,104,45,10.37,4.49,2.31,1.2,0.23,1.38,0.293,74.90%,4.09,4.21,999
Drey Jameson,ARI,16,22,101,7,6,,0,0,98,45,12,94,36,8.38,3.21,2.61,1.07,0.247,1.33,0.297,72.50%,4.01,4.19,999
Connor Thomas,STL,18,22,108,6,6,,0,0,117,52,12,67,30,5.58,2.5,2.23,1,0.269,1.36,0.295,69.90%,4.33,4.46,999
Camilo Doval,SFG,0,66,66.1,7,4,,35,2,53,27,7,83,30,11.27,4.07,2.77,0.95,0.215,1.25,0.293,73.80%,3.67,3.71,55
Emmanuel Clase,CLE,0,73,72,7,3,,33,2,60,23,6,75,19,9.38,2.38,3.95,0.75,0.224,1.1,0.289,76.50%,2.88,3.09,52.4
Jordan Romano,TOR,0,59,58.2,7,3,,32,1,48,22,8,72,20,11.04,3.07,3.6,1.23,0.22,1.16,0.29,77.50%,3.37,3.75,67.7
Kenley Jansen,BOS,0,49,45.1,4,3,,32,2,41,21,7,52,17,10.33,3.38,3.06,1.39,0.241,1.28,0.306,72.60%,4.17,4.23,114.1
David Bednar,PIT,0,61,62.2,4,2,,31,3,51,22,7,76,19,10.91,2.73,4,1,0.218,1.12,0.291,76.40%,3.16,3.29,61.5
Raisel Iglesias,ATL,0,57,55.1,6,3,,31,3,47,19,7,70,13,11.39,2.12,5.38,1.14,0.224,1.08,0.301,77.70%,3.09,3.13,57.1
Josh Hader,HOU,0,59,55.1,4,2,,31,2,38,19,7,78,22,12.69,3.58,3.55,1.14,0.192,1.08,0.274,77.70%,3.09,3.44,46.1
Alexis Díaz,CIN,0,66,67,7,6,,31,3,47,29,8,80,32,10.75,4.3,2.5,1.07,0.201,1.18,0.267,70.80%,3.9,4.17,72.2
Clay Holmes,NYY,0,62,61,5,4,,31,3,49,26,7,67,24,9.89,3.54,2.79,1.03,0.218,1.2,0.278,71.20%,3.84,3.98,107.2
Pete Fairbanks,TBR,1,53,48,5,2,,30,3,35,16,4,69,19,12.94,3.56,3.63,0.75,0.196,1.13,0.292,76.40%,3,2.78,88.8
Evan Phillips,LAD,0,57,56.1,4,2,,30,5,47,22,8,64,18,10.23,2.88,3.56,1.28,0.225,1.15,0.285,76.20%,3.52,3.95,91.9
Devin Williams,MIL,0,61,57,7,4,,29,1,39,19,7,83,26,13.11,4.11,3.19,1.11,0.191,1.14,0.281,79.70%,3,3.41,40
Ryan Helsley,STL,0,47,52,5,4,,29,4,41,20,7,62,21,10.73,3.63,2.95,1.21,0.216,1.19,0.281,76.60%,3.46,3.83,91.9
Jhoan Duran,MIN,0,59,64.1,5,3,,28,2,51,20,6,85,19,11.9,2.66,4.47,0.84,0.212,1.09,0.3,77.90%,2.8,2.9,50.5
Tanner Scott,MIA,0,68,66.2,7,5,,28,4,52,25,7,93,28,12.55,3.78,3.32,0.94,0.209,1.2,0.302,75.50%,3.37,3.32,96.3
Paul Sewald,ARI,0,58,55,4,2,,28,4,46,22,8,66,19,10.8,3.11,3.47,1.31,0.227,1.18,0.295,76.20%,3.6,3.89,81.2
Craig Kimbrel,BAL,0,58,55,5,6,,26,3,44,27,8,67,26,10.96,4.25,2.58,1.31,0.219,1.27,0.286,69.70%,4.42,4.35,104.5
Andrés Muñoz,SEA,0,61,58.2,7,3,,25,5,41,19,6,89,21,13.65,3.22,4.24,0.92,0.19,1.06,0.289,76.50%,2.91,2.88,87.9
John Brebbia,CHW,8,48,44.1,3,4,,23,5,43,22,7,46,15,9.35,3.05,3.07,1.42,0.247,1.31,0.298,70.50%,4.47,4.32,439.1
José Alvarado,PHI,0,54,50.1,3,2,,22,6,41,20,6,68,21,12.17,3.76,3.24,1.07,0.216,1.23,0.302,74.60%,3.58,3.41,166.6
Robert Suarez,SDP,1,40,40.2,3,4,,22,5,34,20,6,41,18,9.07,3.98,2.28,1.33,0.228,1.28,0.275,68.80%,4.42,4.7,218.3
Justin Lawrence,COL,0,65,69.1,5,5,,21,5,63,35,8,76,32,9.87,4.16,2.38,1.04,0.236,1.37,0.301,68.00%,4.55,4.25,378.5
Kyle Finnegan,WSN,0,60,61,5,6,,21,7,58,28,8,59,23,8.7,3.39,2.57,1.18,0.246,1.33,0.296,73.10%,4.13,4.21,230.4
Carlos Estévez,LAA,0,60,55,4,4,,20,7,47,26,8,63,23,10.31,3.76,2.74,1.31,0.229,1.27,0.291,71.40%,4.25,4.16,242.5
Alex Lange,DET,0,65,62.2,5,6,,20,6,49,29,7,83,35,11.91,5.02,2.37,1,0.21,1.34,0.294,71.40%,4.16,3.97,186.6
José Leclerc,TEX,0,57,57,1,2,,19,6,46,27,8,69,30,10.89,4.74,2.3,1.26,0.219,1.33,0.286,72.50%,4.26,4.45,176.7
Mason Miller,OAK,0,52,55.2,2,2,,18,7,42,21,6,71,22,11.47,3.55,3.23,0.97,0.207,1.15,0.286,73.70%,3.39,3.45,213.6
Hunter Harvey,WSN,1,50,55.1,4,3,,13,8,48,23,7,61,15,9.93,2.44,4.07,1.14,0.23,1.14,0.291,71.40%,3.74,3.62,274.9
Robert Stephenson,LAA,0,58,52.1,3,3,,11,10,39,19,8,78,15,13.42,2.58,5.2,1.38,0.203,1.03,0.292,77.10%,3.27,3.18,187.6
David Robertson,TEX,0,51,52,4,5,,11,8,47,26,9,61,24,10.56,4.15,2.54,1.56,0.239,1.37,0.299,73.60%,4.5,4.72,329.6
Will Smith,KCR,0,55,51.2,3,4,,10,9,47,24,7,52,17,9.05,2.96,3.06,1.22,0.241,1.24,0.294,70.10%,4.18,4.11,318.3
Brusdar Graterol,LAD,1,62,61,4,2,,8,11,57,25,7,49,15,7.23,2.21,3.27,1.03,0.246,1.18,0.284,72.30%,3.69,4.12,429.5
Jason Foley,DET,0,66,64,2,2,,8,10,69,30,7,45,16,6.33,2.25,2.81,0.98,0.266,1.33,0.3,70.50%,4.22,4.11,489.2
Tyler Kinley,COL,1,38,37.1,2,2,,8,9,37,21,6,36,15,8.69,3.62,2.4,1.45,0.257,1.39,0.304,66.50%,5.07,4.7,530.7
Kevin Ginkel,ARI,0,58,60,5,4,,7,11,51,24,7,66,24,9.9,3.6,2.75,1.05,0.227,1.25,0.289,75.20%,3.6,3.87,454.2
Lucas Erceg,OAK,0,46,51.2,3,4,,7,12,44,24,4,57,31,9.92,5.4,1.84,0.7,0.224,1.45,0.296,70.60%,4.18,4.2,556.1
Matt Brash,SEA,5,59,75.2,6,5,,6,11,61,30,8,101,37,12.01,4.4,2.73,0.95,0.212,1.29,0.296,76.00%,3.57,3.59,255.4
Hector Neris,CHC,0,62,57.2,4,4,,6,12,48,25,8,66,22,10.29,3.43,3,1.25,0.225,1.21,0.288,73.10%,3.9,4.12,449.6
Aroldis Chapman,PIT,0,53,48.2,4,4,,5,11,37,20,7,76,27,14.05,4.99,2.81,1.29,0.206,1.31,0.309,77.50%,3.7,3.73,369.3
Tanner Rainey,WSN,1,29,27,1,2,,5,12,24,15,4,31,15,10.33,5,2.07,1.33,0.231,1.44,0.29,68.90%,5,4.66,698.8
John McMillon,KCR,0,34,39.1,3,5,,5,13,32,21,5,51,29,11.68,6.64,1.76,1.15,0.216,1.55,0.293,70.40%,4.81,4.68,665.3
Gregory Santos,SEA,0,62,69.1,2,2,,4,11,63,26,6,79,17,10.26,2.21,4.65,0.78,0.23,1.15,0.302,72.60%,3.38,3.05,999
Orion Kerkering,PHI,0,56,57.2,4,2,,4,8,53,25,8,63,15,9.83,2.34,4.2,1.25,0.238,1.18,0.296,72.20%,3.9,3.76,999
Yennier Cano,BAL,0,66,68.2,3,2,,4,12,64,28,8,64,22,8.38,2.88,2.91,1.05,0.242,1.25,0.292,74.90%,3.67,4,335.6
Dany Jiménez,OAK,1,37,36,2,3,,4,11,30,17,5,44,22,11,5.5,2,1.25,0.224,1.44,0.294,75.60%,4.25,4.45,603.4
A.J. Minter,ATL,0,70,64,6,3,,3,12,55,26,8,77,19,10.83,2.67,4.05,1.13,0.227,1.16,0.299,73.20%,3.66,3.46,468.5
JoJo Romero,STL,4,38,58.2,5,4,,3,14,53,24,8,69,22,10.58,3.37,3.14,1.23,0.232,1.28,0.298,76.80%,3.68,3.9,681.3
Giovanny Gallegos,STL,0,55,56.2,4,3,,3,13,47,23,8,67,16,10.63,2.54,4.19,1.27,0.222,1.11,0.285,73.40%,3.65,3.68,541
Ryan Pressly,HOU,0,55,53.2,5,2,,3,13,46,20,7,62,14,10.39,2.35,4.43,1.17,0.225,1.12,0.289,75.70%,3.35,3.42,288
Jason Adam,TBR,0,56,54.1,4,2,,3,12,40,21,6,66,20,10.94,3.31,3.3,0.99,0.207,1.1,0.281,71.70%,3.48,3.75,316.4
Jonathan Loáisiga,NYY,0,42,51.1,5,4,,3,13,46,21,6,46,13,8.07,2.28,3.54,1.05,0.236,1.15,0.28,71.10%,3.68,3.92,700.2
Trevor Gott,OAK,0,53,51.1,2,3,,3,11,48,23,6,52,19,9.12,3.33,2.74,1.05,0.242,1.31,0.3,71.70%,4.04,4.03,723.2
Anthony Bender,MIA,1,44,42.2,2,3,,3,9,38,20,5,45,16,9.48,3.37,2.81,1.05,0.235,1.26,0.295,68.10%,4.22,4.07,735.4
Gregory Soto,PHI,1,62,57.2,4,4,,3,13,50,29,9,73,27,11.39,4.21,2.7,1.4,0.227,1.33,0.297,71.40%,4.52,4.31,604.3
Jimmy Lambert,CHW,7,40,54.2,2,4,,3,11,54,30,9,53,27,8.72,4.44,1.96,1.48,0.251,1.48,0.294,71.60%,4.94,5.05,999
Matt Moore,LAA,4,40,58.1,3,3,,3,14,56,30,9,59,25,9.11,3.86,2.36,1.39,0.249,1.39,0.299,71.60%,4.63,4.63,709.6
Joe Kelly,LAD,0,38,34.1,3,2,,3,12,29,17,5,44,17,11.55,4.46,2.59,1.31,0.227,1.34,0.304,71.80%,4.46,4.33,741.3
Daniel Bard,COL,0,46,44.2,3,4,,3,13,43,27,7,46,28,9.26,5.64,1.64,1.41,0.251,1.59,0.305,68.60%,5.44,5.45,737.6
Matt Strahm,PHI,8,51,75.2,7,5,,2,11,65,33,11,84,21,9.99,2.5,4,1.31,0.23,1.14,0.287,70.80%,3.92,3.88,483.4
Reynaldo López,ATL,7,52,76,7,4,,2,16,67,31,9,84,28,9.95,3.32,3,1.07,0.231,1.25,0.294,74.00%,3.67,3.77,471.6
A.J. Puk,MIA,1,54,58,5,5,,2,14,52,24,8,76,18,11.79,2.79,4.22,1.24,0.23,1.21,0.31,74.80%,3.72,3.57,385.7
Bryan Abreu,HOU,1,62,66.2,3,2,,2,16,48,24,7,94,33,12.68,4.45,2.85,0.94,0.197,1.21,0.287,77.20%,3.24,3.46,367.9
Griffin Jax,MIN,6,51,77,7,6,,2,12,70,36,10,79,24,9.23,2.81,3.29,1.17,0.237,1.22,0.291,68.80%,4.21,3.98,523.6
Scott Barlow,CLE,0,61,66,4,4,,2,13,53,26,8,85,25,11.59,3.41,3.4,1.09,0.214,1.18,0.29,74.90%,3.55,3.53,476.1
Erik Swanson,TOR,1,61,60,4,2,,2,13,52,24,8,68,19,10.2,2.85,3.58,1.2,0.228,1.18,0.289,75.30%,3.6,3.72,520.4
Brock Stewart,MIN,0,37,36.2,1,1,,2,14,28,13,4,52,15,12.75,3.68,3.47,0.98,0.206,1.17,0.3,77.50%,3.19,3.23,637
Josh Sborz,TEX,0,61,56.1,4,3,,2,14,51,25,8,66,22,10.55,3.52,3,1.28,0.233,1.3,0.297,74.40%,4,3.93,599.2
Julian Merryweather,CHC,0,56,56.2,3,2,,2,14,48,25,8,75,24,11.9,3.81,3.13,1.27,0.222,1.27,0.301,74.00%,3.97,3.82,524.4
Andrew Nardi,MIA,0,57,57.2,4,5,,2,12,51,25,7,67,23,10.45,3.59,2.91,1.09,0.231,1.28,0.299,73.20%,3.9,3.91,537
Jeff Hoffman,PHI,0,59,56.2,4,4,,2,12,46,26,8,65,24,10.32,3.81,2.71,1.27,0.223,1.23,0.286,71.40%,4.13,4.17,453.6
Joel Payamps,MIL,1,56,65,5,5,,2,12,60,29,9,64,24,8.86,3.32,2.67,1.25,0.24,1.29,0.288,74.20%,4.02,4.33,531.2
Scott McGough,ARI,1,47,60,4,4,,2,11,57,28,8,64,24,9.6,3.6,2.67,1.2,0.245,1.35,0.304,73.10%,4.2,4.11,999
Emilio Pagán,CIN,1,56,56.1,3,4,,2,12,52,29,10,57,19,9.11,3.04,3,1.6,0.243,1.26,0.286,70.20%,4.64,4.6,649.2
Seranthony Domínguez,PHI,0,57,52,6,5,,2,12,45,24,7,59,25,10.21,4.33,2.36,1.21,0.232,1.35,0.297,73.10%,4.15,4.24,662.4
Taylor Rogers,SFG,0,52,45.1,5,4,,2,14,41,20,6,58,17,11.52,3.38,3.41,1.19,0.233,1.28,0.313,72.60%,3.97,3.81,686.8
Nick Anderson,KCR,0,40,37.2,2,3,,2,11,38,17,5,36,10,8.59,2.39,3.6,1.19,0.257,1.27,0.308,73.20%,4.06,3.94,544.2
Chris Martin,BOS,0,49,43.1,3,2,,2,13,48,19,6,40,8,8.31,1.66,5,1.25,0.273,1.29,0.323,73.50%,3.95,3.83,491.4
Andrew Kittredge,STL,2,38,43,4,3,,2,12,44,19,6,32,9,6.7,1.88,3.56,1.26,0.26,1.23,0.29,71.70%,3.98,4.35,659.7
Adam Ottavino,NYM,0,57,52,4,3,,2,12,46,23,5,55,25,9.52,4.33,2.2,0.87,0.235,1.37,0.301,71.90%,3.98,4.12,648.6
Tommy Kahnle,NYY,2,48,43.1,2,2,,2,15,35,20,7,52,18,10.81,3.74,2.89,1.45,0.22,1.22,0.28,71.80%,4.16,4.34,694.8
Tyler Rogers,SFG,0,63,66,4,4,,2,12,67,29,8,51,15,6.95,2.05,3.4,1.09,0.261,1.24,0.298,72.00%,3.95,4.15,726
Lucas Sims,CIN,0,61,55,4,5,,2,14,43,30,8,66,32,10.8,5.24,2.06,1.31,0.219,1.36,0.287,67.40%,4.91,4.87,623.6
Andrew Chafin,DET,0,60,50.2,3,3,,2,11,45,24,7,55,22,9.76,3.91,2.5,1.24,0.236,1.32,0.295,71.70%,4.26,4.3,741.9